--推荐
DELETE FROM RECOMMEND_SUPPLIER;					--推荐供应商
DELETE FROM RECOMMEND_PROJECT;					--推荐项目
DELETE FROM RECOMMEND_GOODS;					--推荐商品
DELETE FROM SERVE_RECOMMEND_HOTEL;				--推荐酒店
	
--收藏夹
DELETE FROM ECP_PUB_FAVORITES;					

--密保问题
DELETE FROM ECP_PUB_USER_SECURITY;

--留言、站内信、建议、投诉
DELETE FROM EPS_PUB_COMPLAIN;
DELETE FROM EPS_PUB_MESSAGE;
DELETE FROM EPS_PUB_NOTE;
DELETE FROM EPS_PUB_ADVISE;

--积分
DELETE FROM EPS_POINT_RULES;
DELETE FROM EPS_POINT_PROMOTER;
DELETE FROM EPS_POINT_EXCHANGE;
DELETE FROM EPS_POINT_DEAL;
DELETE FROM EPS_POINT_CONSUME;
DELETE FROM EPS_POINT_CASH;

--广告
DELETE FROM EPS_PUB_ADVERTISEMENT;

--关注
DELETE FROM GOODS_ATTENTION_PRICE;				--关注的商品
DELETE FROM ECP_PUB_CONCERN;					--客户
DELETE FROM ECP_PUB_CONCERN_GROUP;				--客户组

--协议管理
DELETE FROM EPS_AGREE_PURCHASE_GOODS;			--协议商品
DELETE FROM EPS_AGREE_PURCHASE_GOODSCLASS;		--协议商品分类
DELETE FROM EPS_AGREEMENT_PURCHASE_SECOND;		--二级协议
DELETE FROM EPS_AGREE_PURCHASE_AGREEMENT;		--一级协议
DELETE FROM EPS_AGREEMENT_PERIOD;				--协议期间
DELETE FROM EPS_AGREEMENT_AREA;					--协议区间

--任务书
DELETE FROM EPS_AGREEMENT_PROTASK_ITEM;			--任务书条目
DELETE FROM EPS_AGREEMENT_PROCUREMENTTASK;		--任务书

--购物车
DELETE FROM EPS_AGREE_CART_GOODS_OPTION;		--购物车明细选配
DELETE FROM EPS_AGREEMENT_CART_ITEM;			--购物车明细	
DELETE FROM EPS_AGREEMENT_CART;					--购物车

--项目
DELETE FROM EPS_AGREE_REQUIRE_GOODS_OPTION;		--需求明细选配
DELETE FROM EPS_AGREEMENT_REQUIRE_ITEM;			--需求明细
DELETE FROM ECP_BASE_BULLETIN;  				--公告
DELETE FROM ecp_base_notice;					--成交通知书
DELETE FROM ECP_BUYRESULT;						--成交结果详情
DELETE FROM ECP_BUY_WINNER;						--报价结果
DELETE FROM ECP_INRQ_DETAIL;					--邀请函详情
DELETE FROM ECP_INVITEROLLREQU; 				--邀请函
DELETE FROM ECP_PROJ_PROCESSRULE;				--项目规则
DELETE FROM ECP_TEND_M_TASK;					--任务书与项目中间表
DELETE FROM ECP_TENDER_APPLY_REC;				--报名表
DELETE FROM EPS_AGREE_ELIMINATE_SUPPLYER;		--屏蔽供应商
DELETE FROM EPS_AGREEMENT_BARGAIN_TURN;	 		--轮次表	
DELETE FROM ECP_PROJECT_PAY_INFO;				--支付信息	
DELETE FROM ECP_PROJECT_EXT_INFO;				--扩展信息
DELETE FROM ECP_PROJECT_CONTRACT;				--联系信息
DELETE FROM ECP_PROJECT_CONTACT_INFO;			--交付信息
DELETE FROM ECP_TENDER_PROJECT;			 		--项目
--DELETE FROM ECP_PROJ_PROCESSRULE;		 		--项目规则

--议价
DELETE FROM EPS_AGREE_BARGAIN_RECORD_OPT;		
DELETE FROM EPS_AGREE_BARGAIN_RECORD_ITEM;
DELETE FROM EPS_AGREE_BARGAIN_RECORD;
DELETE FROM EPS_AGREEMENT_BARGAIN_CHAT;
DELETE FROM EPS_AGREEMENT_BARGAIN_SUPPLYER;
DELETE FROM EPS_AGREE_BARGAIN_GOODS_OPTION;
DELETE FROM EPS_AGREEMENT_BARGAIN_ITEM;
DELETE FROM EPS_AGREEMENT_BARGAIN;

--订单
DELETE FROM EPS_AGREE_ORDER_PROTASK;			--订单与任务书关系表
DELETE FROM EPS_AGREE_ORDER_GOODS_OPTION;		--订单选配
DELETE FROM EPS_AGREEMENT_ORDER_ITEM;			--订单明细
DELETE FROM EPS_AGREEMENT_ORDER;				--订单

--合同
DELETE FROM EPS_PUB_CONTRACT;

--模板
DELETE FROM FTL_TEMPLATE_PROPERTY;				
DELETE FROM FTL_TEMPLATE;

--酒店
DELETE FROM SERVE_HOTEL_EVLAUATE;				--酒店评价
DELETE FROM SERVE_GUESTROOM_PRICE;				--客房价格
DELETE FROM SERVE_GUESTROOM;					--客房信息
DELETE FROM SERVE_MEETING_ROOM;					--会议室
DELETE FROM SERVE_HOTEL;						--酒店

--商品、行情
DELETE FROM GOODS_OPT_FIT_PRICE;				--选配行情
DELETE FROM GOODS_PRICE;						--商品行情
DELETE FROM GOODS_PRICE_SUPPLIER;				--商品与报价供应商
DELETE FROM GOODS_MODIFIER;						--指定维护商
DELETE FROM GOODS_EVALUATE;						--商品评价
DELETE FROM GOODS_OPTIONAL_FITTING;				--商品选配
DELETE FROM GOODS_PARAM;						--参数
DELETE FROM GOODS;								--商品
DELETE FROM ECP_PUB_TAGS;						--行情热门地区

--商品分类
DELETE FROM GOODS_CLASS_PARAM;					--商品分类参数
DELETE FROM GOODS_CLASS_TO_CATEGORY;			--商品分类与品目中间表
DELETE FROM GOODS_CLASS;						--商品分类

--商品品牌
DELETE FROM GOODS_BRAND_TO_CLASS;
DELETE FROM GOODS_BRAND;

--集中采购目录
DELETE FROM ECP_BASE_CATALOG_DETAIL;
DELETE FROM ECP_BASE_CTLOG_DSTRCT;
DELETE FROM ECP_BASE_CATALOG_PROCTYPE;
DELETE FROM ECP_BASE_CTLOG_DSTRCT;
DELETE FROM ECP_BASE_CATALOG;

--品目
--DELETE FROM PURCATALOG_CATEGORY;

--专家
DELETE FROM EXPERT_TRAINING;
DELETE FROM EXPERT_EXPERIENCE;
DELETE FROM EXPERT_EDUCATION;
DELETE FROM EXPERT_CERTIFICATE;
DELETE FROM EXPERT_INFO;						--专家信息

--推广人
DELETE FROM EPS_PROMOTER_INFO;

--商圈
DELETE FROM ECP_BUSINESS_MEMBER;				--商圈会员
DELETE FROM ECP_BUSINESS_COMMUNITY;				--商圈社区


--机构扩展信息
DELETE FROM ORG_QUALIFICATION_DETAIL;			--机构资质详情
DELETE FROM ORG_QUALIFICATION;					--机构资质
DELETE FROM ECP_PUB_SUCCESS_CASE;				--成功案例
DELETE FROM ECP_PUB_EVALUATE_SCORE;				--评价分值
DELETE FROM ECP_PUB_EVALUATE;					--评价


--机构
DELETE FROM ORG_INFO_MODIFY;  					--机构变更
DELETE FROM ORG_INFO_APPLY;						--机构申请
DELETE FROM AGENCY_AGENT;						--代理机构
DELETE FROM BUY_BUYER;							--采购人
DELETE FROM SPL_SUPPLIER;						--供应商
DELETE FROM ORG_INFO;							--机构

--用户信息
DELETE FROM BASE_LOGIN_LOGS;
DELETE FROM BASE_OPER_LOGS;
DELETE FROM AUTH_USER_ROLE;
DELETE FROM AUTH_USER;							--用户
DELETE FROM AUTH_ORG_EMPLOYEE;					--员工
DELETE FROM AUTH_ORGNIZATION;					--组织机构

--附件
DELETE FROM BASE_ATTACHMENT;		

--评价管理
--DELETE FROM ECP_PUB_EVALUATE_QUOTA;			--评价指标

--资质定义
--DELETE FROM BASE_QUALIFICATION;		





--组织机构  admin和manager
insert into auth_orgnization (ORG_ID, ORG_ADDRESS, ORG_AUDIT_OPINION, ORG_AUDIT_STATUS, ORG_CODE, ORG_CONTACT, ORG_CROPORATE, ORG_EMAIL, ORG_FAX, ORG_LEADER, ORG_NAME, ORG_POST_CODE, ORG_SHORT_NAME, ORG_SORT, ORG_STATUS, ORG_SUPERVISOR, ORG_TEL, ORG_TYPE, ORG_BUDGET_CODE, ORG_CITY, ORG_PARENT_ID, ORG_PROVINCE, ORG_TOWN, ORG_PATH, ORG_IS_LEAF, ORG_LEVEL, CREATE_TIME, ORG_MOBILEPHONE, SHORT_SPELL_NAME, SPECIAL_FLAG, REMARK, RESUME)
values ('402886db2aa1b3b9012aa1d69f7b003e', '北京市软件园', '', '2', '56986584', '胡志高', '胡志高', 'huzg@gpcsoft.com', '123123123', '', '珠海政采软件技术有限公司', '123456', 'gpcsoft', null, '1', '', '11221122', '1', '', '', '', '', '110108', '402886db2aa1b3b9012aa1d69f7b003e', '1', '1', sysdate, '13511998899', 'ZHZCJSYXGS', 'AD', '', '');

insert into auth_orgnization (ORG_ID, ORG_ADDRESS, ORG_AUDIT_OPINION, ORG_AUDIT_STATUS, ORG_CODE, ORG_CONTACT, ORG_CROPORATE, ORG_EMAIL, ORG_FAX, ORG_LEADER, ORG_NAME, ORG_POST_CODE, ORG_SHORT_NAME, ORG_SORT, ORG_STATUS, ORG_SUPERVISOR, ORG_TEL, ORG_TYPE, ORG_BUDGET_CODE, ORG_CITY, ORG_PARENT_ID, ORG_PROVINCE, ORG_TOWN, ORG_PATH, ORG_IS_LEAF, ORG_LEVEL, CREATE_TIME, ORG_MOBILEPHONE, SHORT_SPELL_NAME, SPECIAL_FLAG, REMARK, RESUME)
values ('402886db2aa1b3b9012aa1c4012f0013', '北京市海淀区', '', '2', '1235124', '朱', '朱', 'huzg@gpcsoft.com', '', '', '国信商通集团有限公司', '', '', null, '1', '', '', '1', '', '', '', '', '110114', '402886db2aa1b3b9012aa1c4012f0013', '1', '1', sysdate, '13500000000', 'GXSTJTYXGS', 'MN', '', '');

--员工表   admin和manager
insert into auth_org_employee (EMP_ID, EMP_NAME, EMP_MOBILE, EMP_EMAIL, EMP_MSN, EMP_QQ, EMP_TEL_OFFICE, EMP_TEL_HOME, EMP_SORT, EMP_CREATED_DATE, EMP_COMPANY_ID, EMP_DEPARTMENT_ID, EMP_POST_ID, EMP_NUMBER, EMP_ORG_ID, CREATE_TIME, EMP_ADDRESS, EMP_ZIPCODE, EMP_FAX, EMP_IDCARD, EMP_SEX, SHORT_SPELL_NAME)
values ('402886db2aa1b3b9012aa1d779ed0040', '超级管理员', '13899888899', 'admin@gpcsoft.com', '', '', '88889999', '', null, null, '402886db2aa1b3b9012aa1d69f7b003e', '', '', '', '', sysdate, '北京市东北旺西路', '', '', '', '', '');

insert into auth_org_employee (EMP_ID, EMP_NAME, EMP_MOBILE, EMP_EMAIL, EMP_MSN, EMP_QQ, EMP_TEL_OFFICE, EMP_TEL_HOME, EMP_SORT, EMP_CREATED_DATE, EMP_COMPANY_ID, EMP_DEPARTMENT_ID, EMP_POST_ID, EMP_NUMBER, EMP_ORG_ID, CREATE_TIME, EMP_ADDRESS, EMP_ZIPCODE, EMP_FAX, EMP_IDCARD, EMP_SEX, SHORT_SPELL_NAME)
values ('402886db2aa1b3b9012aa1cdf0c40029', '运营官', '13810470265', '190294565@qq.com', '', '', '11112222', '', null, null, '402886db2aa1b3b9012aa1c4012f0013', '', '', '', '', sysdate, '北京市中南海', '', '234345345', '211111111111119', '', '');

--用户表
insert into auth_user (USR_ID, USR_NAME, USR_CA_SN, USR_IS_CREDENTIAL, USR_IS_EXPIRED, USR_IS_LOCKED, USR_IS_MANAGER, USR_PASSWORD, USR_PERIOD_VALIDITY, USR_PWD_IS_EXPIRED, USR_PWD_TIP, USR_PWD_TIP_ANS, USR_SORT, USR_STATUS, USR_PWD_PERIOD_VALIDITY, USR_IS_USE_IPCHECK, USR_IS_ADMIN, USR_IPPOLICY, USR_CREATED_DATE, USR_CHANGEPWD, EMP_ID, CREATE_TIME, USR_EMAIL, USR_PICTURE, USR_AVATAR)
values ('8a808083204329sr01204330167b0005', 'admin', '', '0', '0', '0', '0', '7c4a8d09ca3762af61e59520943dc26494f8941b', sysdate, '0', '', '', 1, '1', to_date('31-12-2012', 'dd-mm-yyyy'), '0', '2', '', sysdate, '1', '402886db2aa1b3b9012aa1d779ed0040', sysdate, '', '', '');

insert into auth_user (USR_ID, USR_NAME, USR_CA_SN, USR_IS_CREDENTIAL, USR_IS_EXPIRED, USR_IS_LOCKED, USR_IS_MANAGER, USR_PASSWORD, USR_PERIOD_VALIDITY, USR_PWD_IS_EXPIRED, USR_PWD_TIP, USR_PWD_TIP_ANS, USR_SORT, USR_STATUS, USR_PWD_PERIOD_VALIDITY, USR_IS_USE_IPCHECK, USR_IS_ADMIN, USR_IPPOLICY, USR_CREATED_DATE, USR_CHANGEPWD, EMP_ID, CREATE_TIME, USR_EMAIL, USR_PICTURE, USR_AVATAR)
values ('402886db2aa1b3b9012aa1cae8080020', 'manager', '', '0', '0', '0', '0', '7c4a8d09ca3762af61e59520943dc26494f8941b', sysdate, '0', '', '', null, '1', to_date('31-12-2012', 'dd-mm-yyyy'), '0', '2', '', sysdate, '1', '402886db2aa1b3b9012aa1cdf0c40029', sysdate, '', '', '');

--用户角色关系表
insert into auth_user_role (USR_ID, ROL_ID)
values ('8a808083204329sr01204330167b0005', '8a80808720577fff012057cbd898002e');

insert into auth_user_role (USR_ID, ROL_ID)
values ('402886db2aa1b3b9012aa1cae8080020', '402886dc2a6949d5012a694c96360007');

insert into auth_user_role (USR_ID, ROL_ID)
values ('402886db2aa1b3b9012aa1cae8080020', '402886dc29f2a12c0129f3599427019d');

--orginfo表
insert into org_info (CREATOR, CREATE_TIME, MODIFIER, MODIFY_TIME, COMPANY_ID, SELF_DEFINE_ORG_LIST_ID, AGENCY_ID, BUYER_ID, SUPERVISION_ID, SUPPLIER_ID, CMPT_DEP_ID, ORG_CODE, ORG_NAME, USER_ID, AUDIT_STATUS, ORG_INFO_ID, HISTORY_ID, IN_TERRACE, IS_OFF, ORG_DATA_TYPE, USE_STATUS, VALID_DATE, INVALID_DATE, CURRENT_VALID_ID, AUDIT_TYPE, ORG_LOGO, DISTRICT_VALUE, VERIFIER_ID, VERIFY_TIME, OPINION, ISMANUFACTURER, BEGAINDATE, ENTCAPACITY, BID_FOR_RANGE, MAIN_PRODUCTS, DESC_CN, WEB_URL, UNIT_SCAPE, ENT_PRPT, BELONGINDUSTRY)
values ('8a808083204329sr01204330167b0005', sysdate, '', null, '402886db2aa1b3b9012aa1d69f7b003e', '', '', '', '', '', '', '717745982', '珠海政采软件技术有限公司', '8a808083204329sr01204330167b0005', '02', '402885ef2ab32550012ab32c587d0014', '', '', '1', '', '01', sysdate, null, '', '02', '', '110000,110100,110108##||##北京市,市辖区,海淀区', null, '', '', '', null, '', '', '', '', '', '', '06', '');

insert into org_info (CREATOR, CREATE_TIME, MODIFIER, MODIFY_TIME, COMPANY_ID, SELF_DEFINE_ORG_LIST_ID, AGENCY_ID, BUYER_ID, SUPERVISION_ID, SUPPLIER_ID, CMPT_DEP_ID, ORG_CODE, ORG_NAME, USER_ID, AUDIT_STATUS, ORG_INFO_ID, HISTORY_ID, IN_TERRACE, IS_OFF, ORG_DATA_TYPE, USE_STATUS, VALID_DATE, INVALID_DATE, CURRENT_VALID_ID, AUDIT_TYPE, ORG_LOGO, DISTRICT_VALUE, VERIFIER_ID, VERIFY_TIME, OPINION, ISMANUFACTURER, BEGAINDATE, ENTCAPACITY, BID_FOR_RANGE, MAIN_PRODUCTS, DESC_CN, WEB_URL, UNIT_SCAPE, ENT_PRPT, BELONGINDUSTRY)
values ('402886db2aa1b3b9012aa1cae8080020', sysdate, '', null, '402886db2aa1b3b9012aa1c4012f0013', '', '', '', '', '', '', 'qdsn-003', '国信商通集团有限公司', '402886db2aa1b3b9012aa1cae8080020', '02', '402886db2aa1b3b9012aa1c4012f0012', '', '', '1', '', '01', sysdate, null, '', '02', '', '110000,110100,110108##||##北京市,市辖区,海淀区', '', null, '', '', null, '', '', '', '', '', '', '06', '');